-- MySQL dump 10.13  Distrib 8.0.38, for Win64 (x86_64)
--
-- Host: 127.0.0.1    Database: albumvision
-- ------------------------------------------------------
-- Server version	5.7.24

/*!40101 SET @OLD_CHARACTER_SET_CLIENT=@@CHARACTER_SET_CLIENT */;
/*!40101 SET @OLD_CHARACTER_SET_RESULTS=@@CHARACTER_SET_RESULTS */;
/*!40101 SET @OLD_COLLATION_CONNECTION=@@COLLATION_CONNECTION */;
/*!50503 SET NAMES utf8 */;
/*!40103 SET @OLD_TIME_ZONE=@@TIME_ZONE */;
/*!40103 SET TIME_ZONE='+00:00' */;
/*!40014 SET @OLD_UNIQUE_CHECKS=@@UNIQUE_CHECKS, UNIQUE_CHECKS=0 */;
/*!40014 SET @OLD_FOREIGN_KEY_CHECKS=@@FOREIGN_KEY_CHECKS, FOREIGN_KEY_CHECKS=0 */;
/*!40101 SET @OLD_SQL_MODE=@@SQL_MODE, SQL_MODE='NO_AUTO_VALUE_ON_ZERO' */;
/*!40111 SET @OLD_SQL_NOTES=@@SQL_NOTES, SQL_NOTES=0 */;

--
-- Table structure for table `album_images`
--

DROP TABLE IF EXISTS `album_images`;
/*!40101 SET @saved_cs_client     = @@character_set_client */;
/*!50503 SET character_set_client = utf8mb4 */;
CREATE TABLE `album_images` (
  `album_id` int(10) unsigned NOT NULL,
  `image_id` bigint(20) unsigned NOT NULL,
  PRIMARY KEY (`album_id`,`image_id`),
  KEY `fk_ai_image` (`image_id`),
  CONSTRAINT `fk_ai_album` FOREIGN KEY (`album_id`) REFERENCES `albums` (`id`) ON DELETE CASCADE,
  CONSTRAINT `fk_ai_image` FOREIGN KEY (`image_id`) REFERENCES `images` (`id`) ON DELETE CASCADE
) ENGINE=InnoDB DEFAULT CHARSET=latin1;
/*!40101 SET character_set_client = @saved_cs_client */;

--
-- Dumping data for table `album_images`
--

LOCK TABLES `album_images` WRITE;
/*!40000 ALTER TABLE `album_images` DISABLE KEYS */;
INSERT INTO `album_images` VALUES (7,3),(4,4),(8,4),(8,7),(7,15),(10,15),(5,16),(5,17),(7,17),(2,19),(6,22),(5,24),(10,26),(4,28),(2,31),(8,34),(1,36),(4,38),(3,39),(2,42),(7,42),(8,43),(6,44),(8,44),(2,48),(10,50),(7,53),(8,56),(8,58),(7,59),(5,64),(6,70),(7,72),(8,73),(8,75),(3,77),(5,77),(7,80),(9,81),(2,84),(6,84),(1,85),(4,85),(5,89),(7,91),(1,93),(1,100),(9,103),(3,105),(4,105),(1,106),(2,112),(3,115),(2,119),(6,120),(6,123),(8,128),(8,129),(1,133),(2,133),(5,134),(1,137),(5,138),(1,141),(2,147),(5,147),(2,150),(9,152),(1,153),(8,154),(5,156),(1,158),(2,159),(9,161),(5,162),(9,162),(1,167),(8,169),(3,172),(1,173),(2,174),(6,178),(2,179),(2,182),(1,183),(9,184),(6,185),(5,186),(8,186),(5,192),(7,197),(10,198),(10,200);
/*!40000 ALTER TABLE `album_images` ENABLE KEYS */;
UNLOCK TABLES;

--
-- Table structure for table `albums`
--

DROP TABLE IF EXISTS `albums`;
/*!40101 SET @saved_cs_client     = @@character_set_client */;
/*!50503 SET character_set_client = utf8mb4 */;
CREATE TABLE `albums` (
  `id` int(10) unsigned NOT NULL AUTO_INCREMENT,
  `name` varchar(128) NOT NULL,
  `description` text,
  `created_at` timestamp NOT NULL DEFAULT CURRENT_TIMESTAMP,
  PRIMARY KEY (`id`),
  UNIQUE KEY `name` (`name`)
) ENGINE=InnoDB AUTO_INCREMENT=11 DEFAULT CHARSET=latin1;
/*!40101 SET character_set_client = @saved_cs_client */;

--
-- Dumping data for table `albums`
--

LOCK TABLES `albums` WRITE;
/*!40000 ALTER TABLE `albums` DISABLE KEYS */;
INSERT INTO `albums` VALUES (1,'Album 1','This is a description for Album 1.','2025-05-12 18:29:49'),(2,'Album 2','This is a description for Album 2.','2025-05-12 14:09:51'),(3,'Album 3','This is a description for Album 3.','2025-05-12 19:12:47'),(4,'Album 4','This is a description for Album 4.','2025-05-13 08:18:28'),(5,'Album 5','This is a description for Album 5.','2025-05-13 01:11:29'),(6,'Album 6','This is a description for Album 6.','2025-05-13 08:52:50'),(7,'Album 7','This is a description for Album 7.','2025-05-12 19:20:59'),(8,'Album 8','This is a description for Album 8.','2025-05-12 20:23:45'),(9,'Album 9','This is a description for Album 9.','2025-05-12 23:15:38'),(10,'Album 10','This is a description for Album 10.','2025-05-13 00:08:09');
/*!40000 ALTER TABLE `albums` ENABLE KEYS */;
UNLOCK TABLES;

--
-- Table structure for table `classes`
--

DROP TABLE IF EXISTS `classes`;
/*!40101 SET @saved_cs_client     = @@character_set_client */;
/*!50503 SET character_set_client = utf8mb4 */;
CREATE TABLE `classes` (
  `id` bigint(20) unsigned NOT NULL AUTO_INCREMENT,
  `image_id` bigint(20) unsigned NOT NULL,
  `image_label_id` bigint(20) unsigned DEFAULT NULL,
  `animal` tinyint(1) NOT NULL DEFAULT '0',
  `appliance` tinyint(1) NOT NULL DEFAULT '0',
  `cat` tinyint(1) NOT NULL DEFAULT '0',
  `dog` tinyint(1) NOT NULL DEFAULT '0',
  `entertainment_device` tinyint(1) NOT NULL DEFAULT '0',
  `kitchenware` tinyint(1) NOT NULL DEFAULT '0',
  `person` tinyint(1) NOT NULL DEFAULT '0',
  `vehicle` tinyint(1) NOT NULL DEFAULT '0',
  `unknown` tinyint(1) NOT NULL DEFAULT '1',
  PRIMARY KEY (`id`),
  KEY `fk_class_image` (`image_id`),
  KEY `fk_class_label` (`image_label_id`),
  CONSTRAINT `fk_class_image` FOREIGN KEY (`image_id`) REFERENCES `images` (`id`) ON DELETE CASCADE,
  CONSTRAINT `fk_class_label` FOREIGN KEY (`image_label_id`) REFERENCES `image_labels` (`id`) ON DELETE SET NULL
) ENGINE=InnoDB AUTO_INCREMENT=151 DEFAULT CHARSET=latin1;
/*!40101 SET character_set_client = @saved_cs_client */;

--
-- Dumping data for table `classes`
--

LOCK TABLES `classes` WRITE;
/*!40000 ALTER TABLE `classes` DISABLE KEYS */;
INSERT INTO `classes` VALUES (1,158,289,1,0,1,0,1,1,0,0,1),(2,190,169,0,1,1,1,1,0,0,0,1),(3,132,271,1,1,1,1,0,1,1,1,0),(4,115,79,0,0,1,1,1,1,1,1,1),(5,53,93,0,0,0,0,0,1,0,0,0),(6,63,52,0,1,1,0,1,0,0,0,1),(7,184,287,0,1,0,0,0,1,0,0,1),(8,4,7,1,0,0,0,0,1,1,0,1),(9,49,294,1,0,1,1,0,0,1,0,0),(10,176,76,1,0,0,1,0,0,1,1,0),(11,113,104,0,0,0,1,0,0,1,0,1),(12,63,56,1,1,1,0,1,0,0,1,1),(13,159,249,0,0,1,0,1,1,1,0,1),(14,58,56,0,0,1,1,0,0,0,0,1),(15,72,38,1,1,0,0,1,1,0,1,1),(16,86,62,0,0,1,0,1,0,1,1,1),(17,138,38,0,0,1,1,1,0,1,1,1),(18,192,30,0,1,1,0,1,0,1,0,1),(19,120,281,0,1,0,1,1,0,0,1,0),(20,140,167,0,0,1,0,0,1,0,0,1),(21,94,147,0,0,1,0,0,1,1,1,1),(22,181,262,1,1,1,0,0,1,1,0,1),(23,30,31,1,0,1,1,0,0,1,0,1),(24,28,272,1,1,1,1,0,0,0,0,0),(25,38,4,1,0,1,1,0,1,1,1,0),(26,200,27,0,0,0,1,0,0,1,1,1),(27,33,272,0,1,1,0,1,1,0,1,1),(28,72,62,0,1,0,0,0,1,1,0,1),(29,20,64,1,0,0,0,0,0,1,1,1),(30,176,105,1,1,0,1,0,1,0,0,1),(31,46,276,0,0,1,0,1,0,1,0,1),(32,43,194,0,0,1,1,0,1,1,1,1),(33,74,296,0,1,1,0,1,1,0,0,0),(34,176,76,1,0,0,0,0,0,1,1,0),(35,75,144,0,1,0,0,0,0,0,1,0),(36,34,223,1,0,0,1,1,0,0,1,0),(37,9,221,1,1,0,1,0,0,0,0,1),(38,69,30,0,1,0,1,1,0,0,0,1),(39,30,41,0,0,0,1,1,1,0,0,0),(40,121,38,1,1,1,1,0,0,1,0,0),(41,70,31,0,1,1,1,0,0,1,1,1),(42,128,45,1,0,0,1,1,1,0,0,0),(43,164,106,0,0,1,0,1,0,1,0,1),(44,125,14,1,1,1,0,1,1,1,0,0),(45,198,5,0,1,0,0,0,1,0,1,0),(46,156,102,1,1,1,0,1,1,0,1,1),(47,167,227,0,1,0,0,1,0,0,1,0),(48,8,127,1,0,0,1,1,1,0,0,1),(49,44,156,0,1,1,0,0,1,0,1,0),(50,94,32,1,0,0,0,1,0,1,1,0),(51,182,70,0,1,1,0,0,0,0,1,1),(52,69,153,1,0,1,0,1,0,0,0,0),(53,200,28,0,0,1,0,1,0,1,1,1),(54,147,48,1,0,0,0,1,1,0,1,1),(55,7,208,1,1,0,1,0,0,1,0,0),(56,189,26,0,0,1,1,1,1,0,1,0),(57,106,133,0,0,0,0,0,1,1,0,0),(58,75,272,0,0,0,0,1,1,0,1,1),(59,143,53,0,0,0,1,0,1,1,0,1),(60,193,172,1,1,0,0,1,0,1,0,1),(61,7,13,1,0,1,0,0,0,1,0,1),(62,37,24,0,0,1,1,0,0,0,1,1),(63,173,125,1,0,1,0,1,1,0,0,1),(64,41,99,1,1,1,1,1,1,0,1,0),(65,174,14,0,1,1,1,0,0,0,1,1),(66,185,97,0,0,1,1,0,1,0,0,0),(67,188,84,0,1,0,0,0,1,1,1,0),(68,72,101,0,1,0,0,0,1,1,1,1),(69,119,222,1,0,0,1,0,1,1,0,0),(70,196,293,0,1,0,1,1,0,0,1,0),(71,96,230,1,0,0,1,1,0,1,1,1),(72,24,187,1,1,0,1,1,0,0,0,0),(73,101,192,1,1,0,0,1,1,0,1,0),(74,109,249,1,1,0,1,0,1,1,0,0),(75,54,195,1,0,1,0,1,1,0,1,0),(76,142,204,0,0,1,0,0,0,0,1,1),(77,61,81,1,0,0,0,0,0,0,0,0),(78,17,37,0,1,0,1,1,0,0,1,1),(79,23,172,0,1,1,0,1,1,0,1,1),(80,176,12,1,1,1,0,1,0,1,0,0),(81,94,62,0,1,1,0,0,0,0,0,0),(82,45,214,0,1,1,0,0,1,0,0,1),(83,87,52,0,0,1,1,0,0,0,0,1),(84,52,153,0,1,0,1,1,1,0,1,0),(85,187,71,1,0,0,0,1,1,1,1,1),(86,156,54,1,1,1,1,1,1,0,1,1),(87,171,107,1,0,0,0,1,0,0,0,0),(88,98,280,0,1,1,0,0,0,0,1,0),(89,17,109,0,1,0,0,0,0,0,1,0),(90,165,158,0,0,0,0,1,1,1,1,1),(91,66,49,0,1,1,0,0,0,1,1,1),(92,121,289,0,0,0,1,0,0,0,0,0),(93,54,205,1,0,1,0,1,1,1,0,0),(94,120,146,1,0,1,0,0,0,1,0,1),(95,189,109,0,0,1,1,0,0,0,0,0),(96,114,298,0,1,0,1,0,0,1,0,0),(97,124,112,0,1,0,0,0,1,0,0,0),(98,183,187,0,1,0,1,1,1,0,1,0),(99,81,229,1,1,1,0,0,0,0,0,0),(100,102,169,0,1,0,0,0,0,1,0,1),(101,14,269,0,0,1,1,0,0,0,1,0),(102,200,135,0,1,0,0,0,1,1,0,0),(103,69,189,0,1,0,0,1,1,0,1,0),(104,68,243,1,0,0,1,1,1,0,0,1),(105,119,116,1,1,0,0,0,1,1,1,1),(106,152,66,1,0,1,0,0,1,0,0,1),(107,111,286,0,0,1,0,0,1,0,1,0),(108,109,63,0,1,1,1,1,1,0,0,0),(109,137,226,1,1,0,0,0,1,0,0,1),(110,54,58,0,1,1,1,1,1,1,0,0),(111,12,108,1,1,0,0,0,1,0,0,1),(112,183,163,0,1,1,1,1,1,0,1,1),(113,121,77,0,0,1,1,0,1,0,0,0),(114,126,2,0,1,0,1,0,0,1,0,0),(115,83,106,1,0,0,0,1,1,0,1,0),(116,76,196,1,1,1,1,0,0,1,0,0),(117,96,26,0,0,0,1,1,1,1,1,0),(118,27,96,0,1,1,1,1,1,1,0,1),(119,184,243,0,0,0,1,1,0,0,1,1),(120,103,100,0,0,1,0,0,1,0,0,1),(121,53,300,0,0,0,0,1,1,1,1,0),(122,126,51,1,0,1,0,0,0,0,0,1),(123,34,194,1,1,0,1,1,0,0,1,0),(124,117,208,1,1,1,0,1,1,1,0,0),(125,31,296,1,0,0,1,0,0,0,1,0),(126,151,7,0,1,0,0,0,1,1,0,1),(127,95,1,1,0,1,1,0,0,0,0,1),(128,61,137,0,0,1,1,0,0,0,1,0),(129,110,256,0,0,0,1,1,1,1,0,0),(130,157,85,1,1,1,0,0,1,0,0,1),(131,138,113,0,0,1,0,1,1,0,1,0),(132,113,184,0,0,1,0,1,0,1,0,1),(133,32,220,1,1,0,1,1,1,1,1,0),(134,28,271,0,1,0,1,0,0,1,1,1),(135,121,231,1,0,1,0,0,0,0,0,0),(136,137,29,0,0,0,0,0,1,0,0,0),(137,82,293,0,0,0,0,0,0,0,0,1),(138,77,122,1,0,0,0,1,0,0,1,0),(139,188,240,0,0,1,0,1,0,1,0,1),(140,186,279,1,0,0,0,0,1,0,0,0),(141,190,19,0,1,1,0,1,0,1,0,0),(142,85,25,0,0,1,0,0,0,1,0,0),(143,85,263,0,0,0,1,1,1,0,1,1),(144,31,246,1,1,1,0,1,0,1,0,0),(145,179,253,1,0,1,0,0,1,1,0,1),(146,64,154,1,0,1,0,1,0,0,1,1),(147,36,52,1,0,0,0,0,0,1,1,1),(148,103,262,1,0,1,1,0,1,0,0,0),(149,154,90,0,1,0,1,0,0,0,0,0),(150,191,107,0,0,1,0,1,1,1,1,0);
/*!40000 ALTER TABLE `classes` ENABLE KEYS */;
UNLOCK TABLES;

--
-- Table structure for table `image_labels`
--

DROP TABLE IF EXISTS `image_labels`;
/*!40101 SET @saved_cs_client     = @@character_set_client */;
/*!50503 SET character_set_client = utf8mb4 */;
CREATE TABLE `image_labels` (
  `id` bigint(20) unsigned NOT NULL AUTO_INCREMENT,
  `image_id` bigint(20) unsigned NOT NULL,
  `label` varchar(128) NOT NULL,
  `confidence` decimal(5,4) NOT NULL,
  PRIMARY KEY (`id`),
  KEY `image_id` (`image_id`),
  CONSTRAINT `fk_lbl_img` FOREIGN KEY (`image_id`) REFERENCES `images` (`id`) ON DELETE CASCADE
) ENGINE=InnoDB AUTO_INCREMENT=301 DEFAULT CHARSET=latin1;
/*!40101 SET character_set_client = @saved_cs_client */;

--
-- Dumping data for table `image_labels`
--

LOCK TABLES `image_labels` WRITE;
/*!40000 ALTER TABLE `image_labels` DISABLE KEYS */;
INSERT INTO `image_labels` VALUES (1,25,'vehicle',0.7559),(2,37,'vehicle',0.9130),(3,26,'unknown',0.5826),(4,135,'unknown',0.5229),(5,62,'unknown',0.8922),(6,23,'cat',0.6151),(7,165,'person',0.5373),(8,127,'unknown',0.8382),(9,88,'unknown',0.7620),(10,31,'unknown',0.9973),(11,81,'cat',0.7675),(12,199,'dog',0.9221),(13,104,'cat',0.8596),(14,111,'unknown',0.9902),(15,33,'vehicle',0.7272),(16,134,'person',0.6671),(17,139,'dog',0.5649),(18,96,'person',0.6383),(19,107,'dog',0.9916),(20,130,'person',0.7193),(21,154,'unknown',0.8347),(22,189,'person',0.7148),(23,129,'cat',0.5094),(24,103,'vehicle',0.9880),(25,45,'unknown',0.7191),(26,5,'vehicle',0.6964),(27,88,'cat',0.6205),(28,85,'vehicle',0.7971),(29,139,'vehicle',0.9963),(30,13,'dog',0.6630),(31,56,'unknown',0.7852),(32,151,'unknown',0.8299),(33,109,'unknown',0.5871),(34,36,'dog',0.6861),(35,119,'person',0.8933),(36,39,'cat',0.7635),(37,38,'unknown',0.5062),(38,10,'cat',0.8357),(39,106,'vehicle',0.9246),(40,197,'dog',0.7685),(41,181,'dog',0.8472),(42,171,'unknown',0.6879),(43,200,'person',0.9034),(44,164,'cat',0.7617),(45,159,'person',0.7609),(46,145,'cat',0.8443),(47,151,'vehicle',0.7373),(48,5,'person',0.6761),(49,55,'vehicle',0.6716),(50,27,'dog',0.5528),(51,10,'vehicle',0.6974),(52,106,'cat',0.5397),(53,123,'dog',0.6075),(54,80,'person',0.8100),(55,20,'cat',0.5927),(56,120,'cat',0.8156),(57,60,'person',0.9984),(58,44,'person',0.6521),(59,37,'vehicle',0.6835),(60,166,'unknown',0.5338),(61,61,'person',0.8394),(62,197,'cat',0.7333),(63,36,'cat',0.9909),(64,110,'cat',0.8196),(65,200,'cat',0.6251),(66,10,'dog',0.8296),(67,165,'vehicle',0.5862),(68,146,'person',0.5167),(69,67,'vehicle',0.6421),(70,182,'dog',0.6646),(71,67,'unknown',0.9179),(72,159,'cat',0.7025),(73,190,'vehicle',0.8344),(74,88,'vehicle',0.6931),(75,85,'vehicle',0.9839),(76,189,'cat',0.8146),(77,38,'vehicle',0.6651),(78,38,'cat',0.8944),(79,30,'vehicle',0.9944),(80,187,'cat',0.7525),(81,12,'vehicle',0.6547),(82,70,'unknown',0.5504),(83,200,'person',0.9524),(84,176,'vehicle',0.6784),(85,3,'unknown',0.5903),(86,181,'dog',0.8412),(87,57,'cat',0.6898),(88,151,'cat',0.8528),(89,175,'unknown',0.9843),(90,181,'dog',0.6854),(91,55,'cat',0.7710),(92,31,'unknown',0.8960),(93,11,'person',0.6373),(94,51,'unknown',0.9058),(95,144,'unknown',0.9691),(96,91,'cat',0.9774),(97,6,'vehicle',0.9224),(98,116,'cat',0.7357),(99,86,'dog',0.5858),(100,187,'person',0.5066),(101,155,'dog',0.6739),(102,58,'dog',0.7934),(103,67,'dog',0.8811),(104,27,'cat',0.7363),(105,69,'cat',0.8703),(106,11,'vehicle',0.7860),(107,151,'vehicle',0.6626),(108,194,'person',0.6276),(109,67,'dog',0.7228),(110,126,'cat',0.8147),(111,171,'unknown',0.7176),(112,70,'vehicle',0.6950),(113,3,'dog',0.6375),(114,168,'person',0.5168),(115,143,'vehicle',0.8199),(116,92,'unknown',0.8831),(117,3,'unknown',0.9079),(118,60,'dog',0.8169),(119,52,'dog',0.6143),(120,161,'unknown',0.6978),(121,141,'cat',0.5863),(122,181,'person',0.6636),(123,45,'unknown',0.9367),(124,35,'unknown',0.9601),(125,56,'unknown',0.6915),(126,84,'vehicle',0.6203),(127,44,'cat',0.5456),(128,10,'person',0.7714),(129,53,'vehicle',0.7429),(130,144,'person',0.6074),(131,180,'cat',0.9211),(132,112,'cat',0.6249),(133,152,'unknown',0.8930),(134,54,'unknown',0.7866),(135,67,'vehicle',0.5417),(136,57,'cat',0.7144),(137,162,'unknown',0.5972),(138,76,'unknown',0.7177),(139,39,'cat',0.5189),(140,122,'dog',0.5799),(141,111,'dog',0.9816),(142,177,'person',0.7970),(143,198,'vehicle',0.6403),(144,32,'vehicle',0.9407),(145,188,'dog',0.9377),(146,4,'unknown',0.9181),(147,45,'dog',0.6221),(148,185,'cat',0.9046),(149,115,'person',0.7735),(150,13,'cat',0.6036),(151,169,'dog',0.8676),(152,105,'vehicle',0.7751),(153,136,'cat',0.5932),(154,124,'person',0.7794),(155,35,'unknown',0.6529),(156,116,'vehicle',0.6959),(157,87,'unknown',0.5196),(158,136,'cat',0.6212),(159,54,'dog',0.7229),(160,174,'unknown',0.8076),(161,149,'unknown',0.6040),(162,48,'vehicle',0.5463),(163,114,'person',0.9300),(164,69,'unknown',0.6303),(165,14,'dog',0.5147),(166,132,'cat',0.7416),(167,160,'dog',0.8607),(168,113,'vehicle',0.5540),(169,173,'cat',0.9719),(170,2,'vehicle',0.6446),(171,156,'dog',0.6910),(172,141,'unknown',0.7618),(173,174,'cat',0.6701),(174,39,'unknown',0.8219),(175,69,'cat',0.9331),(176,85,'dog',0.5168),(177,32,'vehicle',0.8441),(178,128,'person',0.5655),(179,174,'cat',0.9424),(180,17,'person',0.9195),(181,95,'cat',0.5347),(182,184,'dog',0.6270),(183,89,'cat',0.8213),(184,13,'unknown',0.6900),(185,80,'person',0.8271),(186,55,'unknown',0.5300),(187,173,'cat',0.6052),(188,82,'unknown',0.8097),(189,55,'unknown',0.9199),(190,154,'person',0.9365),(191,15,'cat',0.9156),(192,107,'person',0.8829),(193,141,'unknown',0.5093),(194,42,'dog',0.8717),(195,41,'vehicle',0.8170),(196,37,'cat',0.9270),(197,16,'cat',0.6283),(198,174,'dog',0.7145),(199,111,'person',0.6206),(200,53,'unknown',0.7714),(201,59,'unknown',0.9012),(202,43,'dog',0.8423),(203,77,'dog',0.9759),(204,10,'vehicle',0.5406),(205,69,'vehicle',0.7557),(206,157,'dog',0.8427),(207,151,'vehicle',0.5644),(208,115,'cat',0.8729),(209,43,'person',0.6755),(210,178,'vehicle',0.6910),(211,59,'cat',0.7620),(212,30,'vehicle',0.9946),(213,7,'dog',0.5170),(214,186,'dog',0.5612),(215,100,'cat',0.7380),(216,96,'dog',0.7494),(217,127,'unknown',0.8602),(218,46,'person',0.5965),(219,100,'unknown',0.8441),(220,62,'dog',0.9138),(221,12,'dog',0.9006),(222,23,'dog',0.6837),(223,31,'vehicle',0.9526),(224,17,'vehicle',0.5284),(225,40,'unknown',0.5707),(226,54,'dog',0.9315),(227,57,'person',0.6892),(228,72,'vehicle',0.9746),(229,200,'cat',0.5190),(230,42,'dog',0.8648),(231,78,'person',0.8550),(232,36,'person',0.9586),(233,101,'unknown',0.8982),(234,115,'cat',0.6945),(235,36,'vehicle',0.5760),(236,170,'cat',0.7210),(237,146,'unknown',0.8412),(238,141,'dog',0.9975),(239,31,'person',0.6634),(240,175,'person',0.5955),(241,8,'dog',0.8476),(242,130,'dog',0.6839),(243,39,'vehicle',0.9712),(244,180,'dog',0.9668),(245,138,'dog',0.6918),(246,78,'cat',0.7895),(247,149,'vehicle',0.7437),(248,86,'dog',0.5612),(249,83,'person',0.5690),(250,151,'unknown',0.6668),(251,147,'dog',0.7321),(252,28,'unknown',0.6359),(253,145,'dog',0.6149),(254,113,'vehicle',0.7771),(255,116,'vehicle',0.8633),(256,186,'person',0.8041),(257,173,'cat',0.5157),(258,46,'cat',0.9456),(259,114,'dog',0.5024),(260,51,'dog',0.5347),(261,59,'unknown',0.7545),(262,84,'unknown',0.7228),(263,158,'dog',0.6859),(264,131,'unknown',0.9335),(265,10,'person',0.7871),(266,64,'cat',0.6324),(267,142,'dog',0.9562),(268,93,'person',0.9929),(269,43,'cat',0.5154),(270,26,'cat',0.8264),(271,144,'person',0.5445),(272,91,'person',0.9364),(273,72,'dog',0.6578),(274,162,'unknown',0.8618),(275,171,'vehicle',0.8106),(276,40,'vehicle',0.5601),(277,7,'person',0.9200),(278,92,'vehicle',0.7709),(279,140,'cat',0.6660),(280,142,'vehicle',0.8414),(281,60,'unknown',0.9645),(282,61,'dog',0.6126),(283,66,'vehicle',0.6958),(284,110,'vehicle',0.8452),(285,71,'vehicle',0.6509),(286,14,'unknown',0.5935),(287,27,'vehicle',0.7345),(288,36,'unknown',0.5022),(289,175,'person',0.5905),(290,129,'unknown',0.6505),(291,51,'unknown',0.8685),(292,90,'cat',0.6865),(293,144,'vehicle',0.7586),(294,29,'cat',0.5589),(295,58,'person',0.9007),(296,68,'dog',0.7927),(297,175,'unknown',0.9771),(298,81,'cat',0.6474),(299,14,'cat',0.9418),(300,139,'person',0.8873);
/*!40000 ALTER TABLE `image_labels` ENABLE KEYS */;
UNLOCK TABLES;

--
-- Table structure for table `images`
--

DROP TABLE IF EXISTS `images`;
/*!40101 SET @saved_cs_client     = @@character_set_client */;
/*!50503 SET character_set_client = utf8mb4 */;
CREATE TABLE `images` (
  `id` bigint(20) unsigned NOT NULL AUTO_INCREMENT,
  `file_path` varchar(512) NOT NULL,
  `orig_filename` varchar(256) NOT NULL,
  `detected_dt` datetime DEFAULT NULL,
  `width_px` int(10) unsigned DEFAULT NULL,
  `height_px` int(10) unsigned DEFAULT NULL,
  `phash` char(16) DEFAULT NULL,
  `created_at` timestamp NOT NULL DEFAULT CURRENT_TIMESTAMP,
  `captured_dt` datetime DEFAULT NULL,
  `make` varchar(128) DEFAULT NULL,
  `model` varchar(128) DEFAULT NULL,
  `format` varchar(16) DEFAULT NULL,
  `mode` varchar(16) DEFAULT NULL,
  `size` bigint(20) unsigned DEFAULT NULL,
  PRIMARY KEY (`id`),
  UNIQUE KEY `uniq_path` (`file_path`)
) ENGINE=InnoDB AUTO_INCREMENT=201 DEFAULT CHARSET=latin1;
/*!40101 SET character_set_client = @saved_cs_client */;

--
-- Dumping data for table `images`
--

LOCK TABLES `images` WRITE;
/*!40000 ALTER TABLE `images` DISABLE KEYS */;
INSERT INTO `images` VALUES (1,'/images/image_1.jpg','image_1.jpg','2025-05-12 23:50:04',1280,768,'lm4cgk3ZoGjkF1Uw','2025-05-12 16:18:10','2025-01-10 11:08:07','Nikon','Model A','PNG','RGB',1139390),(2,'/images/image_2.jpg','image_2.jpg','2025-05-12 14:44:46',1024,480,'hCXNNYzKf52wk5B8','2025-05-12 15:27:56','2025-03-16 14:15:31','Panasonic','Model D','PNG','RGB',4186979),(3,'/images/image_3.jpg','image_3.jpg','2025-05-12 12:38:28',1280,1080,'7N8SzVaC8Ws7NwkD','2025-05-12 18:24:07','2025-01-06 21:32:32','Apple','Model C','GIF','RGB',211025),(4,'/images/image_4.jpg','image_4.jpg','2025-05-12 14:44:27',640,768,'CG7Q6V2xWTtAhUEa','2025-05-12 18:36:29','2024-06-27 16:52:06','Panasonic','Model A','JPEG','Grayscale',1370919),(5,'/images/image_5.jpg','image_5.jpg','2025-05-13 03:07:38',800,768,'I3LamClSralKdVtJ','2025-05-13 00:05:43','2024-07-18 07:17:41','Apple','Model B','BMP','CMYK',4500657),(6,'/images/image_6.jpg','image_6.jpg','2025-05-12 11:14:33',1024,1080,'jDSpu1RkfIwTpbl8','2025-05-13 09:58:13','2025-03-27 10:23:30','Sony','Model B','BMP','Grayscale',2424352),(7,'/images/image_7.jpg','image_7.jpg','2025-05-13 02:07:58',1920,960,'pG4DhkD2oP2fUIFP','2025-05-12 16:31:56','2025-04-15 23:11:12','Panasonic','Model B','JPEG','RGB',3108029),(8,'/images/image_8.jpg','image_8.jpg','2025-05-13 01:41:32',640,960,'iENsV9cAhpaWSuVf','2025-05-13 00:19:21','2025-03-03 00:57:03','Sony','Model C','PNG','Grayscale',2464991),(9,'/images/image_9.jpg','image_9.jpg','2025-05-13 02:41:39',800,600,'yaJFqXC7ln0GXHwS','2025-05-13 07:18:34','2025-03-15 02:33:32','Canon','Model A','GIF','Grayscale',2747546),(10,'/images/image_10.jpg','image_10.jpg','2025-05-13 01:42:23',1920,480,'emeSmYhgx5NaVugY','2025-05-12 20:14:54','2024-06-30 12:48:09','Nikon','Model C','PNG','RGB',983001),(11,'/images/image_11.jpg','image_11.jpg','2025-05-12 19:55:13',640,1080,'ixFTMuoUflIhaF7s','2025-05-12 21:45:46','2024-08-14 10:51:27','Panasonic','Model A','GIF','CMYK',4642815),(12,'/images/image_12.jpg','image_12.jpg','2025-05-12 18:18:39',1024,768,'omVLCrTLQZFJ1pFi','2025-05-13 05:30:45','2025-01-25 23:19:29','Apple','Model C','BMP','RGB',1709070),(13,'/images/image_13.jpg','image_13.jpg','2025-05-12 10:07:35',1920,960,'ymjUldY0ctPm7OH8','2025-05-13 01:09:31','2025-02-12 14:41:04','Apple','Model C','GIF','CMYK',3745887),(14,'/images/image_14.jpg','image_14.jpg','2025-05-13 02:55:13',1024,1080,'p912S6YVRfTrWBJ8','2025-05-12 15:12:54','2024-07-12 21:05:15','Sony','Model B','GIF','Grayscale',2292944),(15,'/images/image_15.jpg','image_15.jpg','2025-05-13 05:49:16',1280,600,'iZMmBWy6jOrLnicU','2025-05-12 17:35:54','2024-12-20 02:05:31','Canon','Model A','PNG','Grayscale',4860636),(16,'/images/image_16.jpg','image_16.jpg','2025-05-12 12:07:46',800,600,'nxjeEvl9TQtFmOeP','2025-05-12 17:57:00','2025-03-15 20:34:44','Nikon','Model B','JPEG','CMYK',4285958),(17,'/images/image_17.jpg','image_17.jpg','2025-05-13 02:03:18',1024,480,'bimSGXMILFqPnOmE','2025-05-13 02:17:23','2025-05-03 18:24:06','Nikon','Model C','BMP','Grayscale',1443992),(18,'/images/image_18.jpg','image_18.jpg','2025-05-12 23:00:10',1920,960,'bEaUqg73yiMYh6ax','2025-05-13 02:41:00','2024-11-25 20:23:10','Samsung','Model A','BMP','RGB',3055995),(19,'/images/image_19.jpg','image_19.jpg','2025-05-12 21:40:35',640,1080,'Qgvr9iHOQyR6mogt','2025-05-13 09:31:39','2024-12-16 15:57:16','Apple','Model B','PNG','CMYK',363927),(20,'/images/image_20.jpg','image_20.jpg','2025-05-12 12:00:42',1920,768,'wbXEqi9pxPmUV4Xt','2025-05-12 15:59:17','2024-09-01 21:08:36','Sony','Model D','PNG','RGB',1570603),(21,'/images/image_21.jpg','image_21.jpg','2025-05-12 14:15:50',800,600,'vNdqyUPiu4prmEpI','2025-05-12 18:56:09','2024-07-15 01:59:57','Canon','Model C','BMP','RGB',482961),(22,'/images/image_22.jpg','image_22.jpg','2025-05-13 03:30:35',640,480,'jxjkuZMJIGxzlrKh','2025-05-13 05:47:51','2025-01-11 07:48:00','Panasonic','Model B','BMP','Grayscale',4450165),(23,'/images/image_23.jpg','image_23.jpg','2025-05-13 04:46:56',1024,960,'PylbH7nQsrFjdpHg','2025-05-13 04:42:14','2025-03-03 06:49:46','Panasonic','Model B','BMP','Grayscale',3218756),(24,'/images/image_24.jpg','image_24.jpg','2025-05-12 22:54:51',1024,960,'NmsoZ4RmKwfAROM8','2025-05-13 00:10:49','2024-06-22 15:02:09','Sony','Model B','BMP','CMYK',4324989),(25,'/images/image_25.jpg','image_25.jpg','2025-05-13 04:59:34',800,480,'dX3IkHfLGhG3eIXY','2025-05-12 16:24:30','2024-08-29 01:30:00','Samsung','Model A','BMP','CMYK',1159236),(26,'/images/image_26.jpg','image_26.jpg','2025-05-12 17:34:17',1920,768,'K4mTastQSXlgruOk','2025-05-13 07:43:18','2025-03-29 04:15:26','Sony','Model D','BMP','Grayscale',1242143),(27,'/images/image_27.jpg','image_27.jpg','2025-05-12 10:15:32',1280,960,'pAdoAALQANuDhxOo','2025-05-13 09:24:31','2024-10-08 21:09:49','Sony','Model C','GIF','CMYK',3914414),(28,'/images/image_28.jpg','image_28.jpg','2025-05-12 14:59:39',640,960,'AXvrKlYzarTDsB5F','2025-05-13 08:27:28','2024-08-12 05:08:26','Sony','Model C','PNG','Grayscale',997983),(29,'/images/image_29.jpg','image_29.jpg','2025-05-13 02:10:32',1920,960,'63rxBShP6rsboxCA','2025-05-13 03:45:30','2024-10-08 00:32:30','Sony','Model B','BMP','RGB',1267620),(30,'/images/image_30.jpg','image_30.jpg','2025-05-12 11:23:59',1280,960,'dyLiBaGb0LqescDU','2025-05-12 15:19:00','2025-01-29 04:07:12','Sony','Model A','BMP','RGB',1789437),(31,'/images/image_31.jpg','image_31.jpg','2025-05-12 22:53:24',1280,1080,'kPkftLHrXrvrZpEA','2025-05-12 19:19:00','2025-01-05 01:23:43','Panasonic','Model A','JPEG','CMYK',3252098),(32,'/images/image_32.jpg','image_32.jpg','2025-05-12 14:31:18',1024,480,'o8Tp4VEPQDuqrPHo','2025-05-13 05:03:54','2025-02-06 03:29:54','Nikon','Model C','BMP','RGB',1416839),(33,'/images/image_33.jpg','image_33.jpg','2025-05-13 04:27:09',800,600,'WUfXLAA4ffsckZTH','2025-05-12 23:34:38','2025-04-26 17:24:29','Samsung','Model A','BMP','RGB',365552),(34,'/images/image_34.jpg','image_34.jpg','2025-05-12 16:17:40',1280,480,'xLkVv5ZLo1BgIy1l','2025-05-12 18:13:49','2025-02-10 22:36:43','Nikon','Model B','BMP','Grayscale',2446428),(35,'/images/image_35.jpg','image_35.jpg','2025-05-12 19:44:10',640,480,'GMwb0nbXao4SNMMU','2025-05-13 08:40:39','2025-01-08 22:43:09','Samsung','Model D','PNG','CMYK',2877890),(36,'/images/image_36.jpg','image_36.jpg','2025-05-12 14:50:22',640,600,'SBAGhumLUc8XV4xK','2025-05-12 16:17:40','2024-07-03 10:56:45','Canon','Model C','JPEG','RGB',959465),(37,'/images/image_37.jpg','image_37.jpg','2025-05-12 18:52:29',640,960,'yltaVkM5RqsvYieg','2025-05-12 19:16:28','2025-04-21 19:21:39','Apple','Model A','GIF','CMYK',1242113),(38,'/images/image_38.jpg','image_38.jpg','2025-05-12 13:59:38',1920,600,'5sI1MytGmdO9vk9i','2025-05-13 03:14:49','2024-06-13 21:28:45','Apple','Model D','BMP','Grayscale',4762188),(39,'/images/image_39.jpg','image_39.jpg','2025-05-13 03:07:35',1024,600,'tYTVPkGMscHhccxW','2025-05-13 01:58:04','2024-10-11 10:53:42','Panasonic','Model D','JPEG','RGB',2517142),(40,'/images/image_40.jpg','image_40.jpg','2025-05-12 22:31:41',800,480,'PcVmKc4VAs4Ygjez','2025-05-13 09:43:38','2025-03-01 17:02:13','Samsung','Model D','PNG','Grayscale',3891549),(41,'/images/image_41.jpg','image_41.jpg','2025-05-12 13:33:57',1280,600,'daGujDfAfzkNDCke','2025-05-13 06:51:26','2024-09-14 09:30:32','Samsung','Model A','JPEG','Grayscale',3496574),(42,'/images/image_42.jpg','image_42.jpg','2025-05-13 02:27:10',1280,600,'zOsZhtLWZVZR2bBe','2025-05-12 18:03:55','2024-08-24 07:09:16','Panasonic','Model C','JPEG','RGB',2817761),(43,'/images/image_43.jpg','image_43.jpg','2025-05-13 03:18:52',1920,480,'YzlYStQbXzHOQMoN','2025-05-13 05:55:23','2024-08-03 08:22:04','Apple','Model B','BMP','CMYK',3060174),(44,'/images/image_44.jpg','image_44.jpg','2025-05-12 21:29:04',1024,960,'THEnVUeHfbwWDmIj','2025-05-13 02:33:31','2025-04-18 04:42:30','Panasonic','Model A','GIF','Grayscale',4567434),(45,'/images/image_45.jpg','image_45.jpg','2025-05-12 19:20:31',640,600,'K15Gy5ZTYfUwQG5i','2025-05-12 22:32:30','2025-04-10 14:58:43','Panasonic','Model D','JPEG','Grayscale',2165653),(46,'/images/image_46.jpg','image_46.jpg','2025-05-12 15:58:03',1024,1080,'xWvYwx87gdvAXoa3','2025-05-12 21:31:39','2025-03-30 22:57:30','Samsung','Model B','JPEG','Grayscale',3501610),(47,'/images/image_47.jpg','image_47.jpg','2025-05-12 20:48:45',1280,480,'4iGWHtm3HVQZqRBx','2025-05-13 07:11:34','2025-03-05 04:30:40','Canon','Model B','BMP','RGB',2144240),(48,'/images/image_48.jpg','image_48.jpg','2025-05-12 19:33:18',1280,960,'wmJFxtEM6St3pzEF','2025-05-12 15:01:48','2024-08-12 19:02:05','Sony','Model A','GIF','RGB',3266376),(49,'/images/image_49.jpg','image_49.jpg','2025-05-13 05:18:54',640,768,'egUDcaiCJOTzgapp','2025-05-12 14:35:39','2024-11-24 20:15:15','Panasonic','Model C','GIF','Grayscale',2798309),(50,'/images/image_50.jpg','image_50.jpg','2025-05-13 03:36:44',640,768,'Il3omgvGpKdODZno','2025-05-13 09:44:58','2024-07-19 13:52:51','Canon','Model A','BMP','RGB',1207795),(51,'/images/image_51.jpg','image_51.jpg','2025-05-12 17:53:50',640,768,'XmV3zGGX8DqcmC3I','2025-05-13 07:57:49','2025-02-10 17:32:14','Nikon','Model B','GIF','Grayscale',769095),(52,'/images/image_52.jpg','image_52.jpg','2025-05-12 14:36:58',1024,768,'hjrUlT4jxNAPX9a5','2025-05-12 21:37:49','2025-02-02 12:02:02','Sony','Model B','BMP','RGB',3490397),(53,'/images/image_53.jpg','image_53.jpg','2025-05-13 05:41:44',1920,768,'ROrOmj7aBdPIosO6','2025-05-13 07:48:42','2025-03-06 23:53:23','Apple','Model A','PNG','RGB',441044),(54,'/images/image_54.jpg','image_54.jpg','2025-05-12 10:45:24',1280,1080,'hqX8IpGk28AXO3zz','2025-05-13 09:22:14','2024-08-16 06:32:35','Nikon','Model A','PNG','RGB',2119649),(55,'/images/image_55.jpg','image_55.jpg','2025-05-12 23:43:49',640,768,'4tEYAYsdQWXTBtyd','2025-05-13 04:40:18','2024-09-18 11:43:56','Apple','Model C','PNG','RGB',2948443),(56,'/images/image_56.jpg','image_56.jpg','2025-05-13 02:15:58',640,480,'gKWEHDotE14GTf9u','2025-05-13 08:19:04','2025-05-01 18:02:39','Apple','Model B','PNG','Grayscale',3191741),(57,'/images/image_57.jpg','image_57.jpg','2025-05-12 22:25:30',640,960,'IUEUaAdilntztFZq','2025-05-13 04:17:44','2024-11-09 11:39:58','Canon','Model B','BMP','Grayscale',3436220),(58,'/images/image_58.jpg','image_58.jpg','2025-05-13 04:59:42',800,960,'IPc4a0Gop5SCuhgE','2025-05-12 16:57:07','2025-03-27 10:26:20','Sony','Model C','JPEG','Grayscale',1625025),(59,'/images/image_59.jpg','image_59.jpg','2025-05-13 03:39:55',640,1080,'CCyHumqWIJjYOmsr','2025-05-12 18:53:08','2025-02-17 07:37:08','Samsung','Model D','GIF','Grayscale',1192882),(60,'/images/image_60.jpg','image_60.jpg','2025-05-12 11:02:01',800,1080,'9GlytSWbILVB2Afy','2025-05-12 21:20:23','2025-03-25 20:31:33','Panasonic','Model A','JPEG','Grayscale',3268042),(61,'/images/image_61.jpg','image_61.jpg','2025-05-12 18:26:49',1920,480,'nkgVNQtdS6WzbNtf','2025-05-13 02:50:03','2024-07-20 16:14:54','Samsung','Model A','JPEG','RGB',2817768),(62,'/images/image_62.jpg','image_62.jpg','2025-05-12 10:28:30',1280,1080,'97vx60vnJaGJazbT','2025-05-13 09:42:42','2024-07-16 23:27:29','Panasonic','Model C','BMP','RGB',2481383),(63,'/images/image_63.jpg','image_63.jpg','2025-05-12 18:54:21',1280,600,'u1eNMnxeJeXxniyD','2025-05-13 01:35:00','2024-12-30 18:27:15','Sony','Model B','PNG','RGB',3133022),(64,'/images/image_64.jpg','image_64.jpg','2025-05-13 00:09:58',800,480,'c3PTalPuhQQ9U06X','2025-05-12 19:04:26','2025-01-09 00:37:21','Canon','Model C','PNG','Grayscale',3906226),(65,'/images/image_65.jpg','image_65.jpg','2025-05-12 22:37:26',1920,480,'fngHr1evE8I65fpN','2025-05-13 05:39:54','2024-10-23 09:22:43','Panasonic','Model A','PNG','Grayscale',940455),(66,'/images/image_66.jpg','image_66.jpg','2025-05-13 00:28:04',1280,480,'vPkqhjqm1BYAquIu','2025-05-12 19:46:26','2025-04-02 05:56:12','Samsung','Model B','GIF','CMYK',2203090),(67,'/images/image_67.jpg','image_67.jpg','2025-05-13 03:34:45',640,480,'vyCwEUIWXSBMtvXG','2025-05-13 02:57:30','2024-12-29 03:18:42','Canon','Model B','GIF','CMYK',1318139),(68,'/images/image_68.jpg','image_68.jpg','2025-05-12 14:09:22',800,960,'LZw5an9jWJqM9ckD','2025-05-12 18:18:59','2025-01-14 03:15:17','Panasonic','Model B','GIF','Grayscale',3729275),(69,'/images/image_69.jpg','image_69.jpg','2025-05-12 10:30:13',1280,1080,'Gyu7Cjiqm1Kl4onM','2025-05-13 04:25:05','2025-01-25 18:00:05','Sony','Model C','JPEG','RGB',2616402),(70,'/images/image_70.jpg','image_70.jpg','2025-05-12 11:26:11',1920,600,'esAj2rKSPn9cCbpR','2025-05-13 03:57:08','2024-08-16 18:05:46','Apple','Model C','JPEG','Grayscale',4602684),(71,'/images/image_71.jpg','image_71.jpg','2025-05-12 12:28:42',640,480,'JZOTTziYwb6mFjTa','2025-05-12 19:11:38','2024-09-02 05:42:27','Samsung','Model D','GIF','CMYK',303430),(72,'/images/image_72.jpg','image_72.jpg','2025-05-13 02:37:04',1920,1080,'jyWaThp2zVi7tIff','2025-05-12 17:23:11','2024-11-02 23:42:47','Nikon','Model A','GIF','CMYK',4916640),(73,'/images/image_73.jpg','image_73.jpg','2025-05-12 17:04:02',800,480,'flaUWB3XPb2o0zzo','2025-05-12 17:52:32','2024-10-14 12:39:17','Nikon','Model D','PNG','Grayscale',2108244),(74,'/images/image_74.jpg','image_74.jpg','2025-05-12 12:46:12',800,960,'5niYl48z9jHNYhYe','2025-05-13 08:04:04','2024-12-05 17:18:04','Panasonic','Model B','GIF','RGB',2746985),(75,'/images/image_75.jpg','image_75.jpg','2025-05-12 12:21:42',640,1080,'6Ct0bnQlcgcqUf6M','2025-05-13 01:24:13','2024-06-12 23:24:10','Canon','Model C','JPEG','RGB',3913509),(76,'/images/image_76.jpg','image_76.jpg','2025-05-12 14:42:20',640,1080,'3ll1TdOunpvt1n4r','2025-05-13 04:18:25','2024-10-21 11:28:13','Panasonic','Model B','PNG','Grayscale',1546123),(77,'/images/image_77.jpg','image_77.jpg','2025-05-13 03:48:07',800,1080,'orZFtX6R5HOqaDNg','2025-05-13 05:21:57','2024-12-21 12:54:35','Sony','Model A','PNG','CMYK',2397651),(78,'/images/image_78.jpg','image_78.jpg','2025-05-13 04:12:40',1280,1080,'zAKo0xDSQoytzGbh','2025-05-12 15:20:05','2025-01-08 23:39:46','Apple','Model B','GIF','CMYK',2874339),(79,'/images/image_79.jpg','image_79.jpg','2025-05-12 19:24:50',1024,600,'RoAP3K6CKdenOlZX','2025-05-12 23:21:28','2024-12-23 17:08:38','Panasonic','Model A','GIF','RGB',3503144),(80,'/images/image_80.jpg','image_80.jpg','2025-05-12 12:04:23',1920,768,'5Iinzmfilz5XLdvV','2025-05-13 08:39:08','2024-09-22 12:39:18','Apple','Model C','JPEG','Grayscale',3783420),(81,'/images/image_81.jpg','image_81.jpg','2025-05-13 00:41:00',1280,1080,'LzRaabhZ400EPayh','2025-05-12 17:24:54','2024-11-19 13:33:43','Canon','Model C','JPEG','RGB',1521534),(82,'/images/image_82.jpg','image_82.jpg','2025-05-12 12:40:03',1920,1080,'xh1T5APGPHmTQzia','2025-05-13 07:41:25','2025-01-22 13:35:19','Panasonic','Model D','GIF','RGB',4829568),(83,'/images/image_83.jpg','image_83.jpg','2025-05-13 05:31:39',1280,960,'C3NVPPAbXzoxul77','2025-05-12 21:25:07','2024-10-19 20:23:10','Canon','Model A','PNG','RGB',2974446),(84,'/images/image_84.jpg','image_84.jpg','2025-05-12 13:46:09',800,600,'LA9VUGTs6miXcDWZ','2025-05-13 00:38:52','2024-12-25 11:32:20','Apple','Model D','BMP','Grayscale',4038327),(85,'/images/image_85.jpg','image_85.jpg','2025-05-12 14:26:12',640,768,'KPIjxJruzNLpJHKM','2025-05-13 06:40:22','2024-09-29 06:29:20','Sony','Model C','GIF','RGB',2900804),(86,'/images/image_86.jpg','image_86.jpg','2025-05-12 19:24:54',1280,600,'K6LgAlod5dZyWp2K','2025-05-13 00:21:00','2024-09-25 17:35:17','Canon','Model D','BMP','CMYK',4353939),(87,'/images/image_87.jpg','image_87.jpg','2025-05-13 03:25:45',1280,768,'O5PaMr4Y2iVlnI5J','2025-05-12 19:20:44','2024-12-10 01:15:40','Samsung','Model D','PNG','CMYK',4588253),(88,'/images/image_88.jpg','image_88.jpg','2025-05-13 03:55:57',640,480,'zOxlkBB8ixgVgPQc','2025-05-12 19:03:46','2024-09-06 17:25:55','Canon','Model D','JPEG','Grayscale',1699399),(89,'/images/image_89.jpg','image_89.jpg','2025-05-13 03:08:46',800,960,'39ISF9Uy8hqU4nh7','2025-05-13 05:58:20','2025-02-24 12:10:02','Apple','Model B','GIF','Grayscale',3078222),(90,'/images/image_90.jpg','image_90.jpg','2025-05-12 23:52:18',1920,768,'CjVoSImH61ocPa4J','2025-05-12 21:57:54','2024-07-19 02:01:41','Samsung','Model C','BMP','Grayscale',3506429),(91,'/images/image_91.jpg','image_91.jpg','2025-05-13 04:15:14',1024,768,'nV2vnLRui0XNMl3e','2025-05-13 09:29:37','2024-10-21 20:18:45','Canon','Model C','PNG','CMYK',2967066),(92,'/images/image_92.jpg','image_92.jpg','2025-05-13 03:36:06',800,768,'RLNTFAowMGn3f4Ub','2025-05-12 19:42:43','2025-02-22 08:58:59','Samsung','Model B','BMP','CMYK',2693850),(93,'/images/image_93.jpg','image_93.jpg','2025-05-13 01:40:28',1280,768,'xB6v0I5NTKBT8Mn2','2025-05-12 17:30:47','2025-02-24 06:12:32','Nikon','Model A','GIF','RGB',377450),(94,'/images/image_94.jpg','image_94.jpg','2025-05-12 12:30:26',800,600,'oSz75HJAJJpY7KhJ','2025-05-13 04:52:05','2024-08-20 17:36:15','Panasonic','Model A','GIF','CMYK',2087476),(95,'/images/image_95.jpg','image_95.jpg','2025-05-13 00:24:06',640,600,'4OJ2qqMYJkE7xi46','2025-05-12 18:46:46','2025-04-23 15:56:37','Canon','Model B','GIF','Grayscale',4566530),(96,'/images/image_96.jpg','image_96.jpg','2025-05-12 21:28:32',800,480,'IHzhQ69ksUjcXd15','2025-05-12 22:33:08','2025-05-10 11:26:16','Canon','Model D','JPEG','Grayscale',4254569),(97,'/images/image_97.jpg','image_97.jpg','2025-05-13 00:04:53',640,768,'laslFcIT9SCjk5w8','2025-05-12 20:01:02','2024-09-20 10:23:29','Canon','Model D','BMP','Grayscale',1760082),(98,'/images/image_98.jpg','image_98.jpg','2025-05-12 11:38:21',1920,1080,'75TW5a2S4iNuAiKK','2025-05-12 14:48:31','2024-09-17 14:05:28','Panasonic','Model C','BMP','CMYK',2988744),(99,'/images/image_99.jpg','image_99.jpg','2025-05-12 17:25:15',640,768,'Pyu6sLYgzaJIDUFx','2025-05-13 03:19:33','2025-02-16 17:58:57','Apple','Model D','BMP','CMYK',4087659),(100,'/images/image_100.jpg','image_100.jpg','2025-05-12 12:00:19',1024,600,'NrX9b7XhKdpfMRdi','2025-05-12 15:18:43','2024-11-21 21:51:37','Apple','Model C','BMP','Grayscale',1916751),(101,'/images/image_101.jpg','image_101.jpg','2025-05-12 17:46:47',1024,960,'O9N32PwChwP5399j','2025-05-12 19:04:45','2024-06-16 02:16:55','Apple','Model C','BMP','Grayscale',3659316),(102,'/images/image_102.jpg','image_102.jpg','2025-05-12 16:48:19',640,960,'cgkuPviSVwYtWeBa','2025-05-12 23:46:16','2024-10-09 22:53:10','Panasonic','Model C','PNG','CMYK',2128222),(103,'/images/image_103.jpg','image_103.jpg','2025-05-13 00:37:41',1920,960,'Mv2dAgELm03sqK7T','2025-05-13 06:25:04','2024-12-28 20:20:42','Samsung','Model D','PNG','RGB',1698163),(104,'/images/image_104.jpg','image_104.jpg','2025-05-12 22:11:28',1920,960,'BfZO3loY7djBYSsW','2025-05-12 19:45:29','2024-11-13 22:21:02','Panasonic','Model A','JPEG','CMYK',4600250),(105,'/images/image_105.jpg','image_105.jpg','2025-05-12 23:08:00',1280,768,'VF58DXnvsuxzPXy4','2025-05-12 19:05:41','2024-09-10 07:16:51','Panasonic','Model B','JPEG','RGB',2625617),(106,'/images/image_106.jpg','image_106.jpg','2025-05-12 20:39:52',1920,600,'FMQJzOrWw6Com31t','2025-05-12 22:09:23','2024-05-19 04:43:54','Nikon','Model B','JPEG','RGB',4718219),(107,'/images/image_107.jpg','image_107.jpg','2025-05-13 01:09:21',640,1080,'3UGEH2QU8Rau2DQE','2025-05-13 05:54:28','2024-09-30 22:25:04','Samsung','Model D','PNG','CMYK',4899088),(108,'/images/image_108.jpg','image_108.jpg','2025-05-12 21:44:20',800,480,'CKojeus3kxVdR0WO','2025-05-12 19:22:00','2024-05-23 01:54:03','Apple','Model A','BMP','RGB',680826),(109,'/images/image_109.jpg','image_109.jpg','2025-05-13 00:27:12',800,1080,'Qd1KbfDvte60iRuc','2025-05-12 21:03:08','2024-07-07 10:43:17','Panasonic','Model D','BMP','RGB',1492737),(110,'/images/image_110.jpg','image_110.jpg','2025-05-13 00:44:08',800,960,'F7aYBq4jkPnPLzWQ','2025-05-12 17:40:09','2024-07-26 06:47:24','Canon','Model A','JPEG','CMYK',1429396),(111,'/images/image_111.jpg','image_111.jpg','2025-05-12 19:04:06',640,1080,'3B1KxRpWHr94dbOD','2025-05-12 19:38:05','2025-01-10 03:05:54','Canon','Model D','BMP','CMYK',2965630),(112,'/images/image_112.jpg','image_112.jpg','2025-05-12 18:22:58',640,1080,'GH4FnhOZ1kqUlKDA','2025-05-12 22:18:00','2024-07-09 08:35:24','Sony','Model B','BMP','Grayscale',1356895),(113,'/images/image_113.jpg','image_113.jpg','2025-05-12 14:31:05',1024,768,'7zrsBYNLa2SbQyxw','2025-05-12 16:38:57','2025-05-05 21:48:35','Apple','Model A','JPEG','RGB',2580549),(114,'/images/image_114.jpg','image_114.jpg','2025-05-12 22:08:08',640,768,'XI3vE1BUdR2uToat','2025-05-12 18:00:59','2024-11-19 23:20:32','Nikon','Model C','GIF','CMYK',2635400),(115,'/images/image_115.jpg','image_115.jpg','2025-05-13 04:15:38',1280,480,'XcQKmc3Q0FR4ye70','2025-05-13 07:24:56','2024-10-24 05:25:29','Canon','Model A','BMP','CMYK',336674),(116,'/images/image_116.jpg','image_116.jpg','2025-05-12 17:03:20',640,768,'qfhMlqZmS8AUyI7y','2025-05-13 06:47:26','2024-07-27 21:03:08','Canon','Model A','JPEG','RGB',2374185),(117,'/images/image_117.jpg','image_117.jpg','2025-05-12 13:28:01',1920,768,'lhzw4Yf5oRiYKo6r','2025-05-12 22:42:43','2025-04-30 14:10:57','Nikon','Model C','BMP','RGB',3615669),(118,'/images/image_118.jpg','image_118.jpg','2025-05-12 16:41:12',800,600,'h3zLcK30ltWeat1x','2025-05-12 16:04:15','2024-11-29 00:17:18','Panasonic','Model D','BMP','RGB',2298396),(119,'/images/image_119.jpg','image_119.jpg','2025-05-12 22:45:02',1024,1080,'WUk81N8c7ao8TwLY','2025-05-12 18:43:23','2024-10-13 09:08:48','Apple','Model B','GIF','CMYK',1777382),(120,'/images/image_120.jpg','image_120.jpg','2025-05-12 11:52:50',1024,600,'oETdRqpk7eipK5bl','2025-05-12 23:00:58','2025-02-16 11:47:07','Sony','Model A','BMP','CMYK',335071),(121,'/images/image_121.jpg','image_121.jpg','2025-05-13 01:09:05',800,768,'0qEHuj0JXAzNNx99','2025-05-13 07:48:08','2025-02-13 03:29:19','Nikon','Model A','JPEG','Grayscale',3010754),(122,'/images/image_122.jpg','image_122.jpg','2025-05-13 05:15:05',800,1080,'hANGH666pewrDztJ','2025-05-12 21:31:43','2024-07-16 01:01:35','Sony','Model A','PNG','CMYK',1915795),(123,'/images/image_123.jpg','image_123.jpg','2025-05-13 00:19:21',1024,768,'FfEBbOm7vJ8fYHBM','2025-05-13 08:41:46','2025-03-02 11:27:41','Apple','Model D','BMP','CMYK',4120991),(124,'/images/image_124.jpg','image_124.jpg','2025-05-12 21:24:54',1024,600,'HPFiWtJ6oJEv2wpB','2025-05-13 05:29:12','2025-02-11 17:56:30','Samsung','Model D','JPEG','Grayscale',3849273),(125,'/images/image_125.jpg','image_125.jpg','2025-05-13 04:17:57',640,600,'8NqhkFY7EtTCUZyn','2025-05-13 03:28:01','2024-09-02 18:03:19','Panasonic','Model A','PNG','CMYK',3354632),(126,'/images/image_126.jpg','image_126.jpg','2025-05-12 22:09:19',800,960,'F00LypXZXcmuQBHp','2025-05-12 15:36:59','2024-09-11 15:29:08','Nikon','Model D','BMP','RGB',1117922),(127,'/images/image_127.jpg','image_127.jpg','2025-05-12 21:32:53',1920,768,'yh34XhTQ8gSGNWQZ','2025-05-13 03:51:18','2024-09-14 22:16:52','Canon','Model C','BMP','RGB',388322),(128,'/images/image_128.jpg','image_128.jpg','2025-05-12 11:40:26',1920,768,'Bddp43jdJ2yA0uWs','2025-05-12 19:03:02','2025-04-24 01:07:01','Apple','Model C','PNG','Grayscale',2858194),(129,'/images/image_129.jpg','image_129.jpg','2025-05-13 02:09:27',1024,480,'qEiseFnVfAockpxe','2025-05-13 04:13:00','2024-06-19 00:35:41','Nikon','Model A','JPEG','RGB',1964719),(130,'/images/image_130.jpg','image_130.jpg','2025-05-12 14:04:57',640,480,'S7qfVo7IhJkuU4g7','2025-05-12 19:34:56','2025-05-12 12:58:43','Panasonic','Model C','GIF','RGB',4205688),(131,'/images/image_131.jpg','image_131.jpg','2025-05-12 14:47:17',1920,600,'1sHQ9lyBTfFZNfig','2025-05-12 15:33:31','2025-01-20 08:49:23','Samsung','Model C','BMP','Grayscale',3487806),(132,'/images/image_132.jpg','image_132.jpg','2025-05-12 23:20:49',640,480,'ckxyuged1Jds9YFH','2025-05-13 09:18:53','2024-06-07 16:34:57','Samsung','Model A','JPEG','RGB',764954),(133,'/images/image_133.jpg','image_133.jpg','2025-05-13 00:17:31',1024,960,'NorMwHHjnhn4oFaO','2025-05-12 20:09:56','2024-06-22 16:40:23','Apple','Model D','BMP','CMYK',4953449),(134,'/images/image_134.jpg','image_134.jpg','2025-05-12 20:13:24',640,480,'SNyYflkhGQqVo19T','2025-05-13 05:34:36','2025-02-22 23:58:15','Samsung','Model C','JPEG','RGB',1778582),(135,'/images/image_135.jpg','image_135.jpg','2025-05-12 13:38:28',640,1080,'9JYW8dQcA86d7RnL','2025-05-13 00:20:25','2024-10-18 07:54:17','Nikon','Model D','GIF','CMYK',851089),(136,'/images/image_136.jpg','image_136.jpg','2025-05-12 15:04:16',640,768,'ZUriDMZnPNp8Xjfc','2025-05-12 15:25:22','2024-07-09 03:52:24','Sony','Model C','BMP','CMYK',3507109),(137,'/images/image_137.jpg','image_137.jpg','2025-05-12 14:44:49',640,768,'iaMlgypvhHksYcyK','2025-05-12 16:19:09','2024-06-10 19:20:51','Apple','Model A','BMP','RGB',4511367),(138,'/images/image_138.jpg','image_138.jpg','2025-05-13 05:35:32',1280,600,'ur33LD3NGXwJYVpC','2025-05-12 23:03:14','2024-05-18 15:59:38','Apple','Model A','GIF','CMYK',4437475),(139,'/images/image_139.jpg','image_139.jpg','2025-05-12 12:05:27',1024,960,'4hHaxzAZd6tIm7ew','2025-05-13 03:57:16','2024-11-12 11:52:23','Panasonic','Model A','JPEG','Grayscale',3377591),(140,'/images/image_140.jpg','image_140.jpg','2025-05-13 03:57:48',1024,960,'uwwfHqBODH3YvUSq','2025-05-13 02:58:56','2024-06-05 05:47:42','Canon','Model B','PNG','Grayscale',4281253),(141,'/images/image_141.jpg','image_141.jpg','2025-05-12 16:43:10',800,960,'9287a6ZVjeGmDe2c','2025-05-13 05:53:30','2024-05-19 18:03:23','Nikon','Model C','BMP','CMYK',4140464),(142,'/images/image_142.jpg','image_142.jpg','2025-05-13 05:00:13',800,1080,'mwRn8hTJrMbdAb9Y','2025-05-12 18:51:43','2024-11-15 12:07:28','Nikon','Model D','JPEG','CMYK',3186473),(143,'/images/image_143.jpg','image_143.jpg','2025-05-12 17:34:45',1280,1080,'lPkXkTZasWhrE34t','2025-05-12 17:25:10','2024-11-15 05:21:31','Nikon','Model B','BMP','Grayscale',409210),(144,'/images/image_144.jpg','image_144.jpg','2025-05-12 15:49:21',640,768,'ASjDu6vhyHLar6QQ','2025-05-13 06:01:20','2024-11-27 22:49:26','Nikon','Model C','PNG','RGB',4854124),(145,'/images/image_145.jpg','image_145.jpg','2025-05-12 22:18:26',1280,480,'86TLqiMa93oI6v7j','2025-05-13 00:35:43','2024-05-15 22:56:53','Sony','Model C','JPEG','CMYK',3291888),(146,'/images/image_146.jpg','image_146.jpg','2025-05-13 03:36:53',1280,768,'1H0JxRmKwxcbnk7C','2025-05-12 14:52:49','2024-12-03 02:18:02','Nikon','Model D','GIF','CMYK',2980794),(147,'/images/image_147.jpg','image_147.jpg','2025-05-12 12:47:42',1280,480,'hE3ZN5aRwkyjtx6W','2025-05-12 19:41:44','2025-01-15 13:51:47','Nikon','Model C','JPEG','Grayscale',3476553),(148,'/images/image_148.jpg','image_148.jpg','2025-05-12 17:56:10',640,600,'TpGHCCchnSbyKtPG','2025-05-13 06:48:28','2024-07-06 16:03:39','Panasonic','Model C','PNG','RGB',2505543),(149,'/images/image_149.jpg','image_149.jpg','2025-05-12 15:12:57',1920,1080,'8ovIN9L1xi3mhOHH','2025-05-12 15:57:51','2025-02-19 04:47:18','Nikon','Model C','BMP','Grayscale',462883),(150,'/images/image_150.jpg','image_150.jpg','2025-05-12 16:22:09',640,1080,'qNo7e8DeUVcq0mKB','2025-05-13 00:43:18','2025-05-02 06:55:53','Sony','Model A','GIF','RGB',425903),(151,'/images/image_151.jpg','image_151.jpg','2025-05-13 00:40:17',1280,480,'4hqrLENkMkF0pxPo','2025-05-13 00:08:19','2025-04-11 19:30:27','Apple','Model A','BMP','RGB',4700078),(152,'/images/image_152.jpg','image_152.jpg','2025-05-12 22:10:58',1920,960,'WeCiTcMUBJ8mDWOE','2025-05-12 18:21:01','2024-12-09 07:11:33','Nikon','Model D','BMP','Grayscale',1404311),(153,'/images/image_153.jpg','image_153.jpg','2025-05-13 05:30:48',1280,1080,'Vc3jPO4YAzCBSTBE','2025-05-13 06:13:57','2025-01-11 10:33:15','Samsung','Model C','PNG','CMYK',1869717),(154,'/images/image_154.jpg','image_154.jpg','2025-05-12 23:29:50',640,768,'pvk3RfrAPxY3C3At','2025-05-13 07:39:29','2025-02-11 11:25:03','Nikon','Model B','BMP','RGB',2085762),(155,'/images/image_155.jpg','image_155.jpg','2025-05-12 10:31:23',1280,768,'5xuKWONfOq0b5Xlg','2025-05-13 02:14:53','2024-09-29 11:46:44','Canon','Model C','GIF','RGB',329903),(156,'/images/image_156.jpg','image_156.jpg','2025-05-12 12:55:30',640,1080,'tl2ont5DWZz7P0pp','2025-05-12 17:09:28','2025-04-05 14:20:48','Apple','Model A','PNG','CMYK',640075),(157,'/images/image_157.jpg','image_157.jpg','2025-05-12 16:38:54',640,768,'3MuQTDkCgcKZF3Zg','2025-05-12 15:42:22','2024-12-10 22:52:54','Panasonic','Model A','JPEG','RGB',3645744),(158,'/images/image_158.jpg','image_158.jpg','2025-05-12 22:32:36',800,768,'ScWm283S7WRsvHdP','2025-05-13 09:28:16','2024-07-07 11:54:02','Canon','Model D','PNG','CMYK',1652358),(159,'/images/image_159.jpg','image_159.jpg','2025-05-12 10:41:54',640,600,'iM2MiZoI7X9FI5KK','2025-05-12 22:58:57','2024-11-29 21:37:22','Sony','Model A','JPEG','Grayscale',1681721),(160,'/images/image_160.jpg','image_160.jpg','2025-05-13 05:03:40',1280,480,'QYJpvSzXqmpz9Uox','2025-05-12 17:30:10','2024-11-11 11:30:01','Nikon','Model D','PNG','Grayscale',1783113),(161,'/images/image_161.jpg','image_161.jpg','2025-05-13 05:50:40',640,1080,'nDau3SCL1VDmjuPH','2025-05-13 05:25:33','2025-04-15 02:34:08','Apple','Model A','PNG','Grayscale',240112),(162,'/images/image_162.jpg','image_162.jpg','2025-05-12 11:14:13',1280,600,'07WJNNGsKau5vRJZ','2025-05-12 14:55:01','2024-11-24 19:48:32','Canon','Model B','JPEG','CMYK',998254),(163,'/images/image_163.jpg','image_163.jpg','2025-05-12 20:15:07',800,1080,'r1uzoMNPxTCkzywc','2025-05-13 02:30:59','2025-02-28 01:08:47','Canon','Model D','JPEG','RGB',923695),(164,'/images/image_164.jpg','image_164.jpg','2025-05-13 00:06:45',1024,480,'KDIIWWJW81XZpIqi','2025-05-13 02:05:17','2024-09-06 17:23:20','Apple','Model B','GIF','CMYK',1702528),(165,'/images/image_165.jpg','image_165.jpg','2025-05-12 22:54:49',1920,768,'XtktzewQySesX179','2025-05-13 01:52:09','2025-03-05 21:31:31','Panasonic','Model D','PNG','RGB',3618424),(166,'/images/image_166.jpg','image_166.jpg','2025-05-12 17:41:21',1024,1080,'KxpAC6iD3IbsHbM5','2025-05-12 23:09:50','2024-08-14 06:08:56','Nikon','Model A','PNG','CMYK',1412165),(167,'/images/image_167.jpg','image_167.jpg','2025-05-12 10:44:10',1920,480,'nkNePh2WukSU0ZIt','2025-05-13 00:04:08','2025-05-05 07:30:31','Canon','Model D','PNG','Grayscale',2075103),(168,'/images/image_168.jpg','image_168.jpg','2025-05-13 02:36:03',800,480,'4LgDvwQvA6UBeWTx','2025-05-12 20:45:29','2025-01-02 16:22:37','Panasonic','Model C','BMP','Grayscale',1336169),(169,'/images/image_169.jpg','image_169.jpg','2025-05-13 03:21:41',1280,480,'Lq9dluNyY3coIf8A','2025-05-12 17:12:36','2025-04-26 13:23:45','Panasonic','Model D','BMP','RGB',3415066),(170,'/images/image_170.jpg','image_170.jpg','2025-05-12 15:31:22',800,480,'9yxXYIfoBF0rfWqt','2025-05-13 01:44:27','2025-02-19 21:12:48','Samsung','Model B','GIF','RGB',1074096),(171,'/images/image_171.jpg','image_171.jpg','2025-05-13 04:15:23',1920,480,'DRJJfa2xOKaJdp8N','2025-05-13 03:16:08','2024-11-01 12:32:56','Samsung','Model C','PNG','CMYK',592004),(172,'/images/image_172.jpg','image_172.jpg','2025-05-12 21:37:39',1024,600,'rlYtkoujjcJPz5Y4','2025-05-12 17:36:57','2024-08-10 20:15:56','Apple','Model C','GIF','Grayscale',1546616),(173,'/images/image_173.jpg','image_173.jpg','2025-05-13 00:16:24',1024,768,'iKxZLyLcjj69aWxT','2025-05-13 02:38:01','2024-10-17 18:51:23','Samsung','Model C','JPEG','RGB',3727790),(174,'/images/image_174.jpg','image_174.jpg','2025-05-13 00:24:57',800,768,'D1zEn2KcIJH1ERMh','2025-05-13 05:24:09','2025-05-03 16:48:17','Panasonic','Model B','GIF','Grayscale',3758149),(175,'/images/image_175.jpg','image_175.jpg','2025-05-12 22:22:16',1280,600,'mZsEySFUrENZJjIC','2025-05-13 09:12:09','2024-11-25 04:34:20','Apple','Model A','PNG','RGB',4141781),(176,'/images/image_176.jpg','image_176.jpg','2025-05-12 20:46:42',1024,768,'gAcFvUV0wzOEBZvh','2025-05-12 21:46:02','2025-03-04 17:32:08','Nikon','Model C','JPEG','Grayscale',739903),(177,'/images/image_177.jpg','image_177.jpg','2025-05-13 03:59:21',1024,600,'8pwyjHv2lAqpF3Vj','2025-05-13 05:32:19','2025-02-03 20:53:34','Samsung','Model C','GIF','CMYK',3825159),(178,'/images/image_178.jpg','image_178.jpg','2025-05-12 16:04:00',1920,480,'sMiw8VEUsv5jdUv4','2025-05-12 14:59:41','2025-02-08 20:46:48','Nikon','Model A','GIF','CMYK',1845397),(179,'/images/image_179.jpg','image_179.jpg','2025-05-12 19:35:38',1024,480,'I3h1WZTymJd1mWJj','2025-05-13 08:26:26','2025-01-21 22:45:43','Sony','Model A','JPEG','Grayscale',839443),(180,'/images/image_180.jpg','image_180.jpg','2025-05-13 01:19:31',1920,480,'JjLi1ks1Ytjl5fus','2025-05-12 19:38:35','2024-10-06 20:59:18','Nikon','Model C','BMP','CMYK',304535),(181,'/images/image_181.jpg','image_181.jpg','2025-05-12 22:53:28',640,1080,'tp3foHAIDmrYPgc5','2025-05-12 14:26:17','2025-01-28 12:43:05','Canon','Model A','PNG','RGB',4341508),(182,'/images/image_182.jpg','image_182.jpg','2025-05-12 15:23:31',1920,480,'wcQudosSEGyuufRI','2025-05-13 04:56:27','2024-10-10 05:57:01','Apple','Model B','BMP','Grayscale',4501968),(183,'/images/image_183.jpg','image_183.jpg','2025-05-12 16:24:06',1280,768,'kYqyrXGNt8AVdWBJ','2025-05-12 14:44:07','2024-07-25 17:54:48','Samsung','Model D','PNG','RGB',3635284),(184,'/images/image_184.jpg','image_184.jpg','2025-05-12 19:54:41',1280,600,'9Rpe0bVpFcJ41sfy','2025-05-12 21:46:26','2024-09-09 01:54:43','Panasonic','Model A','PNG','CMYK',2708888),(185,'/images/image_185.jpg','image_185.jpg','2025-05-12 17:56:44',1280,480,'mMR5r0EUVmwpa9ko','2025-05-13 03:10:03','2025-02-06 17:14:38','Nikon','Model C','BMP','CMYK',3874545),(186,'/images/image_186.jpg','image_186.jpg','2025-05-12 18:50:43',1920,480,'8KALjK4RkcXSUsLh','2025-05-13 07:48:25','2024-09-25 07:31:03','Canon','Model B','PNG','Grayscale',2067033),(187,'/images/image_187.jpg','image_187.jpg','2025-05-12 15:16:35',800,1080,'zGI9qEL1HRq5v9wH','2025-05-13 08:20:58','2024-05-25 12:03:56','Canon','Model C','GIF','CMYK',2445315),(188,'/images/image_188.jpg','image_188.jpg','2025-05-12 18:35:10',800,480,'qQVRda7d5cJUMckV','2025-05-12 21:24:45','2024-07-09 05:21:59','Panasonic','Model B','GIF','CMYK',2451937),(189,'/images/image_189.jpg','image_189.jpg','2025-05-12 16:50:21',800,480,'FlxM0sy7Qo6Py1k5','2025-05-13 03:01:26','2024-07-14 00:53:17','Panasonic','Model C','PNG','Grayscale',978405),(190,'/images/image_190.jpg','image_190.jpg','2025-05-12 12:26:32',1280,480,'AP8a5PjBkLlIEeIU','2025-05-12 16:07:16','2025-01-29 10:26:18','Nikon','Model A','BMP','RGB',1257269),(191,'/images/image_191.jpg','image_191.jpg','2025-05-12 12:55:20',800,960,'GSh57xClc9d9tMjl','2025-05-12 19:37:03','2024-10-02 07:34:07','Nikon','Model C','PNG','Grayscale',4524651),(192,'/images/image_192.jpg','image_192.jpg','2025-05-13 02:20:53',1280,1080,'LQ6HzlJ3Y5iLCygv','2025-05-12 18:42:01','2024-12-22 09:29:44','Samsung','Model D','PNG','Grayscale',2688689),(193,'/images/image_193.jpg','image_193.jpg','2025-05-13 01:36:05',640,960,'hZGBr5Xu7FxIjmRo','2025-05-13 04:21:04','2024-07-28 07:40:14','Nikon','Model A','BMP','CMYK',274104),(194,'/images/image_194.jpg','image_194.jpg','2025-05-12 11:46:01',1920,480,'J8cMHaKl4q6QxuAp','2025-05-12 15:38:49','2024-06-29 23:53:17','Apple','Model B','PNG','Grayscale',3355204),(195,'/images/image_195.jpg','image_195.jpg','2025-05-12 20:42:58',640,960,'N2IGROSZWRKJdsvq','2025-05-13 07:18:56','2025-03-04 17:43:43','Apple','Model C','BMP','CMYK',1746922),(196,'/images/image_196.jpg','image_196.jpg','2025-05-13 04:55:13',800,768,'sj68qtqrRQtvgr4l','2025-05-12 16:38:01','2025-01-15 04:16:47','Canon','Model A','JPEG','Grayscale',433324),(197,'/images/image_197.jpg','image_197.jpg','2025-05-13 03:54:03',1920,480,'iyfaI5bXpZ3XdAXK','2025-05-13 02:19:38','2025-01-24 10:24:16','Samsung','Model D','GIF','RGB',3183018),(198,'/images/image_198.jpg','image_198.jpg','2025-05-12 23:51:54',800,768,'BmZPPVmOTvvEpMkw','2025-05-13 01:56:29','2024-06-26 08:16:26','Canon','Model D','BMP','RGB',3117171),(199,'/images/image_199.jpg','image_199.jpg','2025-05-12 18:54:26',800,480,'Yxo0Vah4QhRJFKlR','2025-05-13 04:56:19','2025-02-04 15:34:28','Samsung','Model A','PNG','RGB',1937897),(200,'/images/image_200.jpg','image_200.jpg','2025-05-12 14:24:12',1280,480,'BMJ7eThlAgZPYuZs','2025-05-12 17:45:08','2025-05-07 10:01:55','Samsung','Model A','GIF','Grayscale',2656234);
/*!40000 ALTER TABLE `images` ENABLE KEYS */;
UNLOCK TABLES;
/*!40103 SET TIME_ZONE=@OLD_TIME_ZONE */;

/*!40101 SET SQL_MODE=@OLD_SQL_MODE */;
/*!40014 SET FOREIGN_KEY_CHECKS=@OLD_FOREIGN_KEY_CHECKS */;
/*!40014 SET UNIQUE_CHECKS=@OLD_UNIQUE_CHECKS */;
/*!40101 SET CHARACTER_SET_CLIENT=@OLD_CHARACTER_SET_CLIENT */;
/*!40101 SET CHARACTER_SET_RESULTS=@OLD_CHARACTER_SET_RESULTS */;
/*!40101 SET COLLATION_CONNECTION=@OLD_COLLATION_CONNECTION */;
/*!40111 SET SQL_NOTES=@OLD_SQL_NOTES */;

-- Dump completed on 2025-05-21 17:43:41
